{"ACALD":-8.2794553805,"ACALDt":0.0,"ACKr":-8.503585278,"ACONTa":0.2283631565,"ACONTb":0.2283631565,"ACt2r":-8.503585278,"ADK1":0.0,"AKGDH":0.0,"AKGt2r":0.0,"ALCD2x":-8.2794553805,"ATPM":8.39,"ATPS4r":-5.4520525768,"Biomass_Ecoli_core":0.2116629497,"CO2t":0.3781781923,"CS":0.2283631565,"CYTBD":-0.0,"D_LACt2":0.0,"ENO":19.1206886079,"ETOHt2r":-8.2794553805,"EX_ac_e":8.503585278,"EX_acald_e":0.0,"EX_akg_e":0.0,"EX_co2_e":-0.3781781923,"EX_etoh_e":8.2794553805,"EX_for_e":17.8046742179,"EX_fru_e":0.0,"EX_fum_e":0.0,"EX_glc__D_e":-10.0,"EX_gln__L_e":0.0,"EX_glu__L_e":0.0,"EX_h_e":30.5542182676,"EX_h2o_e":-7.1157959817,"EX_lac__D_e":0.0,"EX_mal__L_e":0.0,"EX_nh4_e":-1.1541557323,"EX_o2_e":0.0,"EX_pi_e":-0.7786444932,"EX_pyr_e":0.0,"EX_succ_e":0.0,"FBA":9.7894588639,"FBP":0.0,"FORt2":0.0,"FORti":17.8046742179,"FRD7":-0.0,"FRUpts2":0.0,"FUM":0.0,"FUMt2_2":4.733165431e-30,"G6PDH2r":0.0,"GAPD":19.4373363807,"GLCpts":10.0,"GLNS":0.0541222162,"GLNabc":0.0,"GLUDy":-1.1000335161,"GLUN":0.0,"GLUSy":0.0,"GLUt2r":0.0,"GND":0.0,"H2Ot":7.1157959817,"ICDHyr":0.2283631565,"ICL":0.0,"LDH_D":0.0,"MALS":0.0,"MALt2_2":0.0,"MDH":0.0,"ME1":0.0,"ME2":0.0,"NADH16":0.0,"NADTRHD":0.0,"NH4t":1.1541557323,"O2t":0.0,"PDH":0.0,"PFK":9.7894588639,"PFL":17.8046742179,"PGI":9.9566090953,"PGK":-19.4373363807,"PGL":0.0,"PGM":-19.1206886079,"PIt2r":0.7786444932,"PPC":0.6065413488,"PPCK":0.0,"PPS":0.0,"PTAr":8.503585278,"PYK":8.4042730219,"PYRt2":0.0,"RPE":-0.1521433283,"RPI":-0.1521433283,"SUCCt2_2":0.0,"SUCCt3":0.0,"SUCDi":0.0,"SUCOAS":0.0,"TALA":-0.0378665017,"THD2":3.6291941025,"TKT1":-0.0378665017,"TKT2":-0.1142768266,"TPI":9.7894588639}